{
    "runic_descriptions":
    [
        {"key":"Cain","name":"该隐","simple_description":"采矿效果","full_description":"--", "favour_description":""},
        {"key":"WolfAlpha","name":"头狼","simple_description":"增益友军","full_description":"--", "favour_description":""},
        {"key":"Sunlit","name":"日曜法师","simple_description":"艺术就是爆炸！","full_description":"--", "favour_description":""},
        {"key":"GlaringElemental","name":"光耀元素","simple_description":"致盲敌人","full_description":"--", "favour_description":""},
        {"key":"WatchtowerBomber","name":"哨塔投弹手","simple_description":"你无敌了","full_description":"--", "favour_description":""},
        {"key":"TheWizard","name":"大法师","simple_description":"魔法流星雨","full_description":"--", "favour_description":""},
        {"key":"SkyDragon","name":"天空龙","simple_description":"巨大火球","full_description":"--", "favour_description":""},
        {"key":"MistElemental","name":"风烟元素","simple_description":"维持元素活性","full_description":"--", "favour_description":""},
        {"key":"AngelOfSentance","name":"告死天使","simple_description":"处决敌人","full_description":"--", "favour_description":""},
        {"key":"SpottedJellyfish","name":"斑点水母","simple_description":"中毒效果","full_description":"--", "favour_description":""},
        {"key":"MosasaurBones","name":"沧龙骸骨","simple_description":"永恒的骸骨","full_description":"--", "favour_description":""},
        {"key":"AstralKnight","name":"星空骑士","simple_description":"吸收伤害","full_description":"--", "favour_description":""},
        {"key":"KingSlayer","name":"弑君者","simple_description":"对BOSS造成大量伤害","full_description":"--", "favour_description":""},
        {"key":"Lenora'sSubmarine","name":"蕾欧娜的潜水艇","simple_description":"将敌人传送回出生点","full_description":"--", "favour_description":""},
        {"key":"ElementalArtisan","name":"元素工匠","simple_description":"恢复法力","full_description":"--", "favour_description":""},
        {"key":"TidalCaller","name":"唤潮者","simple_description":"加快能力冷却","full_description":"--", "favour_description":""},
        {"key":"Harvester","name":"收割机","simple_description":"范围伤害与易伤","full_description":"--", "favour_description":""},
        {"key":"BoulderElemental","name":"巨石元素","simple_description":"击退敌人","full_description":"--", "favour_description":""},
        {"key":"DarkElemental","name":"黑夜元素","simple_description":"逐渐提升伤害","full_description":"--", "favour_description":""},
        {"key":"Raptor","name":"暴掠龙","simple_description":"多目标攻击","full_description":"--", "favour_description":""},
        {"key":"Hound","name":"血猎犬","simple_description":"百分比流血","full_description":"--", "favour_description":""},
        {"key":"SpiritSmith","name":"幽灵铁匠","simple_description":"增幅友军","full_description":"--", "favour_description":""},
        {"key":"FrostElemental","name":"寒冰元素","simple_description":"减速敌人","full_description":"--", "favour_description":""},
        {"key":"Bishop","name":"主教","simple_description":"治疗师","full_description":"--", "favour_description":""},
        {"key":"Web Builder","name":"织网蛛","simple_description":"发射蛛网缠住敌人","full_description":"--", "favour_description":""},
        {"key":"Ragefire Elemental","name":"烈火元素","simple_description":"烈焰风暴","full_description":"--", "favour_description":""},
        {"key":"Necromancer","name":"死灵法师","simple_description":"邪恶诅咒","full_description":"--", "favour_description":""},
        {"key":"BlackDragon Emperor","name":"黑龙大帝","simple_description":"大范围吐息","full_description":"--", "favour_description":""},
        {"key":"LaserWalker","name":"镭射光行者","simple_description":"毁灭既是新生","full_description":"--", "favour_description":""},
        {"key":"Lightning Elemental","name":"闪电元素","simple_description":"闪电链","full_description":"--", "favour_description":""},
        {"key":"Skeleton Archer","name":"骷髅射手","simple_description":"远程攻击者","full_description":"--", "favour_description":""},
        {"key":"Paladin","name":"圣骑士","simple_description":"承受伤害与治疗","full_description":"--", "favour_description":""},
        {"key":"Gigantic Clam","name":"巨蚌","simple_description":"强力坦克","full_description":"--", "favour_description":""},
        {"key":"Engineer","name":"工程师","simple_description":"生产者","full_description":"--", "favour_description":""},
        {"key":"Serpant","name":"海蛇","simple_description":"快速攻击","full_description":"--", "favour_description":""},
        {"key":"Witch","name":"女巫","simple_description":"召唤师","full_description":"--", "favour_description":""},
        {"key":"Hunter","name":"丛林猎手","simple_description":"远程攻击者","full_description":"--", "favour_description":""},
        {"key":"Crescent","name":"弦月射手","simple_description":"多重射击者","full_description":"--", "favour_description":""},
        {"key":"Vanguard","name":"无双先锋","simple_description":"前排战士","full_description":"--", "favour_description":""}
        
        
    ],

    "skills_descriptions":
    [
        {"key":"Long Sward","name":"长剑","simple_description":"提升攻击力","full_description":"+ !X! %攻击力", "favour_description":""},
        {"key":"Round Shield","name":"圆盾","simple_description":"提升生命值","full_description":"+ !X! %生命值", "favour_description":""},
        {"key":"Battle Axe","name":"战斧","simple_description":"大幅提升攻击力","full_description":"+ !X! %攻击力", "favour_description":""},
        {"key":"Holy Shield","name":"神圣护盾","simple_description":"提升防御力与生命值","full_description":"+ !X! %防御力 \n+ !Y! %生命值", "favour_description":""},
        {"key":"Moon Chaser","name":"追月者","simple_description":"提升攻击力与射程","full_description":"+ !X! %攻击力 \n+ !Y! 攻击范围", "favour_description":""},
        {"key":"Kraken Slayer","name":"海妖杀手","simple_description":"提升攻击力。每3次攻击造成双倍伤害。","full_description":"+ !X! %攻击力。\n每3次攻击造成双倍伤害。", "favour_description":""},

        {"key":"BloodSacrifice","name":"鲜血祭祀","simple_description":"被动：每当该符灵获得治疗，触发微量采矿效果。","full_description":"被动：每当该符灵获得治疗，触发 !X! %采矿效果。(满生命值时也能触发)", "favour_description":""},
        {"key":"Howl","name":"嗥叫","simple_description":"使周围的友方符灵获得集中，提升它们的攻击伤害。","full_description":"使周围的友方符灵获得 !X! 层集中。\n集中：攻击伤害增加50%。每有1层集中，额外提升1%。每次触发，层数-1。", "favour_description":""},
        {"key":"SealedSun","name":"封印太阳","simple_description":"吟唱数秒然后爆炸攻击周围区域。期间每获得1点法力都会提升爆炸半径与伤害。","full_description":"吟唱 !X! 秒然后爆炸攻击周围区域，造成 !D! %攻击力的伤害。期间每获得1点法力都会提升爆炸半径与伤害。", "favour_description":""},
        {"key":"FlyingWatchtower","name":"高空哨塔","simple_description":"被动：哨塔投弹具有永久的无实体。","full_description":"被动：哨塔投弹手具有永久的无实体。\n无实体：不能被攻击，也不能阻拦敌人。", "favour_description":""},
        {"key":"BrilliantLight","name":"光耀","simple_description":"被动：攻击时会使敌人获得失明，具有失明的敌人攻击只能造成1点伤害，然后其对失明免疫。","full_description":"被动：攻击时会使敌人获得 !X! 层失明与失明免疫。\n失明：攻击只能造成1点伤害。每次触发，层数-1。", "favour_description":""},
        {"key":"MeteorShower","name":"流星雨","simple_description":"召唤流星雨攻击数个随机敌人。","full_description":"召唤流星雨攻击战场上的 !X! 个随机敌人，对每个敌人造成 !D! %攻击力的伤害。", "favour_description":""},
        {"key":"FireBreathe","name":"火焰吐息","simple_description":"朝前方喷出一个大火球，伤害、燃烧与击退所有击中的敌人。","full_description":"朝前方喷出一个大火球，对所有击中的敌人造成 !D! %攻击力的伤害、伤害数值 !X! %层数的燃烧以及弱击退。", "favour_description":""},
        {"key":"TheMist","name":"风烟渐染","simple_description":"被动：减缓元素活性的衰减速度。","full_description":"被动：元素活性的衰减量减少 !X! %。", "favour_description":""},
        {"key":"Quietus","name":"寂灭","simple_description":"随机惩戒一个敌人，对其造成波生命值的伤害。","full_description":"随机惩戒一个敌人，对其造成波生命值的伤害。", "favour_description":""},
        {"key":"ShimmerDust","name":"微光粉尘","simple_description":"给予一片区域的敌人中毒。","full_description":"给予一个敌人和其周围的敌人 !D! %攻击力的中毒。\n中毒：每秒受到中毒层数的伤害。", "favour_description":""},
        {"key":"Eternal","name":"不灭存在","simple_description":"获得永恒层数。永恒能减免99%受到的伤害。","full_description":"获得 !X! 层永恒。\n永恒：减免99%受到的伤害，每次发动其数值-1。", "favour_description":""},
        {"key":"KingsBane","name":"弑君","simple_description":"被动：BOSS出现时，对其造成大量伤害。","full_description":"被动：BOSS出现时，对其造成 !D! %攻击力的伤害。", "favour_description":""},
        {"key":"AstralBody","name":"星界躯体","simple_description":"获得吸收层数。吸收能使受到的伤害降低至最大生命值的10%。","full_description":"获得 !X! 层吸收。吸收能使受到的伤害降低至最大生命值的10%。", "favour_description":""},
        {"key":"TheStopwatch","name":"神秘秒表","simple_description":"被动：攻击有几率使敌人退回出生点，对每个敌人只能触发一次。","full_description":"攻击有 !X! %几率使敌人退回出生点，对每个敌人只能触发一次。", "favour_description":""},
        {"key":"Invoke","name":"唤潮","simple_description":"使用时降低所有能力的冷却。","full_description":"使所有能力的冷却时间降低 !X! 秒。", "favour_description":""},
        {"key":"ElementalConvergence","name":"元素汇聚","simple_description":"被动：所有友军法力回复加快。","full_description":"被动：每秒为所有友军恢复 !X! 法力值。", "favour_description":""},
        {"key":"WhirlWind","name":"旋风斩","simple_description":"斩击周围的区域，对所有敌人造成伤害与易伤。","full_description":"斩击周围的区域，对所有敌人造成 !D! %攻击力伤害与 !X! 层易伤。\n易伤：受到伤害增加50%。每有1层易伤，额外提升1%。每次触发，层数-1。", "favour_description":""},
        {"key":"BoulderThrowing","name":"巨石投掷","simple_description":"被动：攻击速度减慢，攻击会给予敌人弱击退。","full_description":"被动：攻击速度减少 !X! 。攻击会给予敌人力量为 !Y! 的弱击退。", "favour_description":""},
        {"key":"DarknessOvercast","name":"黑暗阴云","simple_description":"被动：攻击使敌人获得黑暗沁染。这会提升其之后受到的伤害。","full_description":"被动：攻击使敌人获得 !X! 层黑暗沁染。\n黑暗沁染：每有1层黑暗沁染，受到伤害增加1%。不会消除。", "favour_description":""},
        {"key":"Claw","name":"爪击","simple_description":"撕咬屏幕上的数个敌人。","full_description":"撕咬屏幕上的 !X! 个随机敌人，造成 !D! %攻击力伤害。", "favour_description":""},
        {"key":"Bite","name":"撕咬","simple_description":"撕咬一个敌人，使其受到伤害并获得流血。","full_description":"撕咬小范围的敌人，使其受到 !D! %攻击力的伤害并获得 !X! 层流血。\n流血：每有1层流血，每秒受到等同于波生命值1%的伤害。", "favour_description":""},
        {"key":"SpiritForge","name":"灵魂锻造","simple_description":"被动：前一格的友军获得防御力提升。后一格的友军获得攻击力与射程提升。","full_description":"被动：前一格的友军提升 !X! %防御力。后一格的友军提升 !X! %攻击力与射程。", "favour_description":""},
        {"key":"FrostShot","name":"寒霜射击","simple_description":"被动：攻击会使敌人获得冰冷。冰冷会减少敌人的移动速度与攻击速度。","full_description":"被动：攻击会使敌人获得 !X! 层冰冷。\n冰冷：每有1层冰冷，行动速度降低1%。每秒层数-1。", "favour_description":""},
        {"key":"Grace","name":"恩典","simple_description":"大幅治疗一名友方符灵，并使其获得相同层数的再生。","full_description":"为一名友方符灵恢复 !D! %攻击力的生命值，并使其获得相同层数的再生。", "favour_description":""},
        {"key":"RageFire","name":"烈火燃烧","simple_description":"被动：攻击会使敌人燃烧，造成持续伤害。对已经被燃烧的目标必定触发爆炸攻击。\n燃烧：每秒受到等同于层数的伤害。每次发动其数值减半。",
            "full_description":"被动：攻击会使敌人获得 !D! %攻击力的燃烧，造成持续伤害。对已经被燃烧的目标必定触发爆炸攻击。", "favour_description":""},
        {"key":"WebBuilding","name":"织网",
            "simple_description":"被动：敌人生成时有几率向其发射蜘蛛网，使其受到伤害并获得晕眩与易伤。对BOSS必定触发。",
            "full_description":"被动：敌人生成时有 !Y! %几率向其发射蜘蛛网，给予其 !D! %攻击力伤害与 !X! 层晕眩与易伤。对BOSS必定触发。\n晕眩：具有晕眩的单位无法行动。每秒层数-1。", "favour_description":""},
        {"key":"DeathCurse","name":"死亡诅咒","simple_description":"被动：攻击会诅咒敌人，使其死亡后有几率被奴役。","full_description":"被动：攻击会诅咒敌人，使其获得 !X! 层奴役。\n奴役：死亡后，每有1层奴役便有1%几率暂时变为友方单位战斗。", "favour_description":""},
        {"key":"BreathOfDestruction","name":"毁灭龙息","simple_description":"被动：攻击时必定附加爆炸攻击。","full_description":"被动：攻击时必定附加半径1.5格的爆炸攻击。", "favour_description":""},
        {"key":"LightChisel","name":"致命穿凿射线","simple_description":"被动：消灭一个敌人时触发少量采矿效果。","full_description":"被动：消灭一个敌人时触发 !X! %采矿效果。", "favour_description":""},
        {"key":"ChainLightning","name":"闪电串流","simple_description":"被动：攻击时必定附加弹射攻击。","full_description":"被动：攻击时必定附加 !X! 次弹射攻击。", "favour_description":""},
        {"key":"BoneShot","name":"骨刺","simple_description":"射出大量无目标散射箭矢。","full_description":"射出共 !X! 发无目标散射箭矢，每发箭矢造成 !D! %攻击力伤害。", "favour_description":""},
        {"key":"Blessing","name":"祝福","simple_description":"被动：每秒为所有友军恢复生命值。","full_description":"被动：每秒为所有友军恢复 !X! 加上 !H! %生命值的生命值。", "favour_description":""},
        {"key":"Shell","name":"坚壳","simple_description":"被动：血量小于一半时获得大量伤害减免。","full_description":"被动：血量小于一半时获得 !X! %伤害减免。", "favour_description":""},
        {"key":"Masterwork","name":"杰作","simple_description":"被动：每波结束时触发采矿效果。","full_description":"被动：每波结束时触发 !X! %采矿效果。", "favour_description":""},
        {"key":"Deft","name":"迅捷","simple_description":"被动：提升攻击力与攻击速度。","full_description":"被动：提升 !X! 攻击力与 !Y! 攻击速度。", "favour_description":""},
        {"key":"SummonSkeleton","name":"骷髅召唤","simple_description":"在敌方半场召唤骷髅","full_description":"在敌方半场召唤 !X! 只骷髅，每只具有 !D! %攻击力与生命值。", "favour_description":""},
        {"key":"RapidShot","name":"快速射击","simple_description":"快速向敌人射出高伤害箭矢。","full_description":"快速向敌人射出箭矢，造成 !D! %攻击力伤害。", "favour_description":""},
        {"key":"Befall","name":"月之降临","simple_description":"被动：攻击时必定附加多重攻击。","full_description":"被动：攻击时必定附加 !X! 次多重攻击。", "favour_description":""},
        {"key":"Smash","name":"重击","simple_description":"对一个敌人造成大量伤害并晕眩。","full_description":"对一个敌人造成 !D! %攻击力伤害并给予 !X! 层晕眩。\n晕眩：具有晕眩的单位无法行动。每秒层数-1。", "favour_description":""}
    ],

    "kinds_descriptions":
    [
        {"key":"Warrior","name":"战士","simple_description":"集齐 !AMOUNT! 种不同的该职业的符灵以提升 !X! 加上 !Y! %的护甲值。","full_description":"--", "favour_description":""},
        {"key":"Warlock","name":"术士","simple_description":"集齐 !AMOUNT! 种不同的该职业的符灵以在造成伤害时恢复 !X! 生命值。","full_description":"", "favour_description":""},
        {"key":"Priest","name":"牧师","simple_description":"周围有可被治疗的友军时，牧师的攻击会改为治疗它们。集齐 !AMOUNT! 种不同的该职业的符灵以允许进行过量治疗,最多达到 !X! 倍。","full_description":"--", "favour_description":""},
        {"key":"Marksman","name":"射手","simple_description":"集齐 !AMOUNT! 种不同的该职业的符灵以提升 !Y! %攻击力与 !X! 射程。","full_description":"--", "favour_description":""},
        {"key":"Mage","name":"法师","simple_description":"集齐 !AMOUNT! 种不同的该职业的符灵以使你的所有符灵减少释放主动技能所需的法力值 !X! 点。","full_description":"", "favour_description":""},
        {"key":"Knight","name":"骑士","simple_description":"集齐 !AMOUNT! 种不同的该职业的符灵以获得 !X! %伤害减免。","full_description":"--", "favour_description":""},
        {"key":"Judger","name":"统御者","simple_description":"集齐 !AMOUNT! 种不同的该职业的符灵以使你的所有符灵获得 !X! 额外生命值。","full_description":"", "favour_description":""},
        {"key":"Craftman","name":"匠","simple_description":"集齐 !AMOUNT! 种不同的该种族的符灵以获得 !X! 等级战线能力。","full_description":"", "favour_description":""},
        {"key":"Assassin","name":"刺客","simple_description":"集齐 !AMOUNT! 种不同的该职业的符灵以提升 !X! %暴击几率与 !Y! %暴击伤害。","full_description":"--", "favour_description":""},

        {"key":"Beast","name":"野兽","simple_description":"集齐 !AMOUNT! 种不同的该种族的符灵以使你的所有符灵提升 !X! 攻击速度。","full_description":"--", "favour_description":""},
        {"key":"Dark","name":"黑暗","simple_description":"集齐 !AMOUNT! 种不同的该种族的符灵，便有 !X! %几率闪避敌人的攻击。","full_description":"--", "favour_description":""},
        {"key":"Dragon","name":"龙","simple_description":"集齐 !AMOUNT! 种不同的该种族的符灵以获得 !X! 等级金色棋盘能力。","full_description":"--", "favour_description":""},
        {"key":"Elemental","name":"元素","simple_description":"元素造成、受到伤害或击杀敌人时，获得元素活性。元素活性会增强元素符灵的技能，但会随着时间衰减。集齐 !AMOUNT! 种不同的该种族的符灵以使获得的元素活性 * !X! 。","full_description":"--", "favour_description":""},
        {"key":"Human","name":"人类","simple_description":"集齐 !AMOUNT! 种不同的该种族的符灵以获得 !X! 等级点金手能力。","full_description":"--", "favour_description":""},
        {"key":"Mech","name":"机械","simple_description":"集齐 !AMOUNT! 种不同的该职业的符灵以获得 !X! 等级闪电球能力。","full_description":"--", "favour_description":""},
        {"key":"Ocean","name":"深海","simple_description":"集齐 !AMOUNT! 种不同的该种族的符灵以获得 !X! 等级潮汐祈唤能力。","full_description":"--", "favour_description":""},
        {"key":"Transcendence","name":"飞升","simple_description":"只有一种该种族符灵时使其飞升，其攻击力、生命值与护甲变为1.5倍。","full_description":"", "favour_description":""},
        {"key":"Undead","name":"亡灵","simple_description":"集齐 !AMOUNT! 种不同的该种族的符灵以提升 !X! %速度。速度会提升大多数能力值。","full_description":"--", "favour_description":""}
    ],

    "node_descriptions":
    [
        {"key":"","name":"符灵科技树","simple_description":"根节点","full_description":"科技树已启用", "favour_description":""},
        {"key":"hidden","name":"秘密节点","simple_description":"仅此而已","full_description":"基础攻击力", "favour_description":""},
        {"key":"origin","name":"起源","simple_description":"提升初始 $","full_description":"初始 $", "favour_description":""},
        {"key":"explore","name":"开拓","simple_description":"提升攻击力","full_description":"攻击力", "favour_description":""},
        {"key":"responsibility","name":"责任","simple_description":"守护这里","full_description":"基础护甲", "favour_description":""},
        {"key":"light","name":"灯火","simple_description":"新的矿石","full_description":"解锁 明烛 矿石", "favour_description":""},
        {"key":"infrastructure","name":"基建","simple_description":"提升采矿效率","full_description":"采矿效率", "favour_description":""},
        {"key":"climb","name":"攀登","simple_description":"进一步提升初始 $","full_description":"初始 $", "favour_description":""},
        {"key":"recycle","name":"循环","simple_description":"提升敌人掉落战利品的频率","full_description":"战利品频率", "favour_description":""},
        {"key":"greed","name":"贪婪","simple_description":"提升战利品等级","full_description":"战利品等级", "favour_description":""},
        {"key":"growth","name":"生长","simple_description":"提升生命值","full_description":"生命值", "favour_description":""},
        {"key":"astral","name":"星空","simple_description":"新的矿石","full_description":"解锁 星辉 矿石", "favour_description":""},
        {"key":"ghost","name":"残影","simple_description":"升级提供额外速度值","full_description":"每次升级提升额外速度值", "favour_description":""},




        {"key":"WSattack","name":"工作室攻击强化","simple_description":"提升基础等级（不会提升价格）","full_description":"工作室攻击 基础等级", "favour_description":""},
        {"key":"WSattackspeed","name":"工作室攻击速度强化","simple_description":"提升基础等级（不会提升价格）","full_description":"工作室攻击速度 基础等级", "favour_description":""},
        {"key":"WShealth","name":"工作室生命值强化","simple_description":"提升基础等级（不会提升价格）","full_description":"工作室生命值 基础等级", "favour_description":""},
        {"key":"WSarmor","name":"工作室护甲强化","simple_description":"提升基础等级（不会提升价格）","full_description":"工作室护甲 基础等级", "favour_description":""},
        {"key":"delve","name":"探究","simple_description":"获得符文栏位","full_description":"符文栏位", "favour_description":""},
        {"key":"return","name":"回归","simple_description":"重置科技树和资源，获得星","full_description":"星", "favour_description":""}

    ],

    "enemy_descriptions":
    [
        {"key":"inspire","name":"鼓舞","simple_description":"加速附近的其它敌人。","full_description":"", "favour_description":""},
        {"key":"protecter","name":"保护者","simple_description":"保护附近的其它敌人，使其受到伤害减半。","full_description":"", "favour_description":""},
        {"key":"boss","name":"BOSS","simple_description":"生命值极高，缓慢而难以阻挡。击败后获得特别的奖励。","full_description":"", "favour_description":""},
        {"key":"ranged","name":"远程","simple_description":"能进行远程攻击的敌人。","full_description":"", "favour_description":""},
        {"key":"scatter","name":"分裂","simple_description":"死亡后分裂为数个生命值更低、体型更小的敌人。","full_description":"", "favour_description":""},
        {"key":"shield","name":"护盾","simple_description":"拥有等于最大生命的护盾。护盾存在时受到减益效果减半。","full_description":"", "favour_description":""},
        {"key":"healer","name":"治疗师","simple_description":"治疗附近的其它敌人。","full_description":"", "favour_description":""},
        {"key":"tank","name":"坦克","simple_description":"生命值很高的敌人。移动速度缓慢。","full_description":"", "favour_description":""},
        {"key":"fast","name":"快速","simple_description":"快速移动的敌人。更加脆弱。","full_description":"", "favour_description":""},
        {"key":"basic","name":"基本","simple_description":"各方面能力都很普通的敌人。","full_description":"", "favour_description":""}

    ],

    "equipment_descriptions":
    [
        {"key":"Long Sward","name":"长剑","simple_description":"技能：","full_description":"--", "favour_description":""},
        {"key":"Round Shield","name":"圆盾","simple_description":"技能：","full_description":"--", "favour_description":""},

        {"key":"Battle Axe","name":"战斧","simple_description":"技能：","full_description":"--", "favour_description":""},
        {"key":"Holy Shield","name":"神圣护盾","simple_description":"技能：","full_description":"--", "favour_description":""},
        {"key":"Moon Chaser","name":"追月者","simple_description":"技能：","full_description":"--", "favour_description":""},
        {"key":"Kraken Slayer","name":"海妖杀手","simple_description":"技能：","full_description":"--", "favour_description":""}


    ],

    "ability_descriptions":
    [
        {"key":"Tidal Call","name":"潮汐祈唤","simple_description":"召唤巨大的潮汐席卷整个战场，造成你DPS !X! %的伤害与强击退。\n冷却时间 !CD! 秒。","full_description":"--", "favour_description":""},
        {"key":"Golden Finger","name":"点金手","simple_description":"将一名随机敌人转化为黄金。其立即死亡，获得 !X! 倍$与灵魂。\n冷却时间 !CD! 秒。","full_description":"--", "favour_description":""},
        {"key":"Flashing Orb","name":"闪电球","simple_description":"游荡在战场上的闪电球，打击附近的敌人，每次造成你DPS !X! %的伤害。\n每次攻击冷却时间 !CD! 秒。","full_description":"--", "favour_description":""},
        {"key":"Golden Board","name":"金色棋盘","simple_description":"将战场棋盘变为金色。期间击杀的敌人掉落的$与灵魂变为 !X! 倍。\n冷却时间 !CD! 秒。","full_description":"--", "favour_description":""},
        {"key":"Battle Front","name":"战线","simple_description":"战线在最前方承受所有敌人的攻击，其受到攻击会消耗城防值。\n 主动：为战线补充城防值，其数值为你DPS的 !X! %。多次获取的城防值可以叠加，但是获取量会衰减。\n冷却时间 !CD! 秒。","full_description":"--", "favour_description":""}
    ],

    "item_descriptions":
    [
        {"key":"soul","name":"灵魂","simple_description":"蕴含力量的基本单位","full_description":"", "favour_description":""},
        {"key":"mine1","name":"微光","simple_description":"矿石","full_description":"", "favour_description":""},
        {"key":"mine2","name":"明烛","simple_description":"矿石","full_description":"", "favour_description":""},
        {"key":"mine3","name":"星辉","simple_description":"矿石","full_description":"", "favour_description":""},
        {"key":"mine4","name":"澄月","simple_description":"矿石","full_description":"", "favour_description":""},
        {"key":"mine5","name":"日曜","simple_description":"矿石","full_description":"", "favour_description":""},
        {"key":"timeFlask","name":"时间之瓶","simple_description":"符文","full_description":"", "favour_description":""},
        {"key":"rune1","name":"力量","simple_description":"符文","full_description":"", "favour_description":""},
        {"key":"rune2","name":"坚决","simple_description":"符文","full_description":"", "favour_description":""},
        {"key":"rune3","name":"智慧","simple_description":"符文","full_description":"", "favour_description":""}

        
    ]
}
